class,label,description,aliases,base_name,filename,id,n_id,property,identifier_value,described_by_source_value,described_by_source_label,instance_of_value,instance_of_label,contributor_role,contributor_value,contributor_label,part_of_section,part_of_pages,part_of_value,part_of_label,based_on_value,derivative_work_value,subject_value,subject_label,poetic_type_value,poetic_type_label,metre_value,metre_label,depicts_value,depicts_label,language_value,language_label,text_value
PoeticWork,Amorosa mia Clori,,,Amorosa mia Clori,Amorosa mia Clori.md,9L6LYHSjdpwR,150995369966424747266,identifier,https://repim.itatti.harvard.edu/resource/?uri=http%3A%2F%2Frepim.unibo.it%2Fresource%2FWORK%2F000350000101_PPPP00011000C,,,,,,,,,,,,,,,,,,,,,,,,
PoeticWork,Amorosa mia Clori,,,Amorosa mia Clori,Amorosa mia Clori.md,9L6LYHSjdpwR,150995369966424747266,described_by_source,,https://nicholascorniaorpheus.github.io/accademia-degli-incompresi/entity/dM6ceQfzK2pQ,RePIM,,,,,,,,,,,,,,,,,,,,,,
PoeticWork,Amorosa mia Clori,,,Amorosa mia Clori,Amorosa mia Clori.md,9L6LYHSjdpwR,150995369966424747266,instance_of,,,,https://nicholascorniaorpheus.github.io/accademia-degli-incompresi/entity/Wvnraxko77uh,poem,,,,,,,,,,,,,,,,,,,,
PoeticWork,Amorosa mia Clori,,,Amorosa mia Clori,Amorosa mia Clori.md,9L6LYHSjdpwR,150995369966424747266,contributor,,,,,,"{'value': 'https://nicholascorniaorpheus.github.io/accademia-degli-incompresi/entity/UHzA5avQDdMJ', 'label': 'author'}",https://nicholascorniaorpheus.github.io/accademia-degli-incompresi/entity/ke7Y8iiuR8Rg,Isabella Andreini,,,,,,,,,,,,,,,,,
PoeticWork,Amorosa mia Clori,,,Amorosa mia Clori,Amorosa mia Clori.md,9L6LYHSjdpwR,150995369966424747266,part_of,,,,,,,,,Mad. LIII,106.0,https://nicholascorniaorpheus.github.io/accademia-degli-incompresi/entity/ntSDGzZoi2Eb,Rime d'Isabella Andreini padovana comica Gelosa,,,,,,,,,,,,,
PoeticWork,Amorosa mia Clori,,,Amorosa mia Clori,Amorosa mia Clori.md,9L6LYHSjdpwR,150995369966424747266,based_on,,,,,,,,,,,,,,,,,,,,,,,,,
PoeticWork,Amorosa mia Clori,,,Amorosa mia Clori,Amorosa mia Clori.md,9L6LYHSjdpwR,150995369966424747266,derivative_work,,,,,,,,,,,,,,,,,,,,,,,,,
PoeticWork,Amorosa mia Clori,,,Amorosa mia Clori,Amorosa mia Clori.md,9L6LYHSjdpwR,150995369966424747266,subject,,,,,,,,,,,,,,,https://nicholascorniaorpheus.github.io/accademia-degli-incompresi/entity/3ruLTSyv8VeY,pastoral,,,,,,,,,
PoeticWork,Amorosa mia Clori,,,Amorosa mia Clori,Amorosa mia Clori.md,9L6LYHSjdpwR,150995369966424747266,poetic_type,,,,,,,,,,,,,,,,,https://nicholascorniaorpheus.github.io/accademia-degli-incompresi/entity/LEWu9yEF83UP,madrigale,,,,,,,
PoeticWork,Amorosa mia Clori,,,Amorosa mia Clori,Amorosa mia Clori.md,9L6LYHSjdpwR,150995369966424747266,metre,,,,,,,,,,,,,,,,,,,https://nicholascorniaorpheus.github.io/accademia-degli-incompresi/entity/FPYzaHuDcPWK,hendecasyllable,,,,,
PoeticWork,Amorosa mia Clori,,,Amorosa mia Clori,Amorosa mia Clori.md,9L6LYHSjdpwR,150995369966424747266,metre,,,,,,,,,,,,,,,,,,,https://nicholascorniaorpheus.github.io/accademia-degli-incompresi/entity/YZkrDgDqrsaF,heptasyllable,,,,,
PoeticWork,Amorosa mia Clori,,,Amorosa mia Clori,Amorosa mia Clori.md,9L6LYHSjdpwR,150995369966424747266,depicts,,,,,,,,,,,,,,,,,,,,,https://nicholascorniaorpheus.github.io/accademia-degli-incompresi/entity/GMAwvtJt3st5,chain,,,
PoeticWork,Amorosa mia Clori,,,Amorosa mia Clori,Amorosa mia Clori.md,9L6LYHSjdpwR,150995369966424747266,depicts,,,,,,,,,,,,,,,,,,,,,https://nicholascorniaorpheus.github.io/accademia-degli-incompresi/entity/YGRByAyckPA5,kiss,,,
PoeticWork,Amorosa mia Clori,,,Amorosa mia Clori,Amorosa mia Clori.md,9L6LYHSjdpwR,150995369966424747266,depicts,,,,,,,,,,,,,,,,,,,,,https://nicholascorniaorpheus.github.io/accademia-degli-incompresi/entity/PkJjQdNqm3ok,thousand,,,
PoeticWork,Amorosa mia Clori,,,Amorosa mia Clori,Amorosa mia Clori.md,9L6LYHSjdpwR,150995369966424747266,depicts,,,,,,,,,,,,,,,,,,,,,https://nicholascorniaorpheus.github.io/accademia-degli-incompresi/entity/npjr3SjemrV3,Clori,,,
PoeticWork,Amorosa mia Clori,,,Amorosa mia Clori,Amorosa mia Clori.md,9L6LYHSjdpwR,150995369966424747266,depicts,,,,,,,,,,,,,,,,,,,,,https://nicholascorniaorpheus.github.io/accademia-degli-incompresi/entity/EKaLD8cqJKoc,oath,,,
PoeticWork,Amorosa mia Clori,,,Amorosa mia Clori,Amorosa mia Clori.md,9L6LYHSjdpwR,150995369966424747266,language,,,,,,,,,,,,,,,,,,,,,,,https://nicholascorniaorpheus.github.io/accademia-degli-incompresi/entity/nKCWTNSaUJQU,Italian,
PoeticWork,Amorosa mia Clori,,,Amorosa mia Clori,Amorosa mia Clori.md,9L6LYHSjdpwR,150995369966424747266,text,,,,,,,,,,,,,,,,,,,,,,,,,"Amorosa mia Clori
Se ti rimembra un bacio mi donasti
Lungo questo bel Rio tra questi fiori;
E s'io tacea giurasti,
Che mille ancor me ne deresti poi.
Io'l tacqui, e'l taccio, e s'io no'l fò palese
Bella Ninfa, e cortese
Perché non servi i giuramenti tuoi?
Baciami, che i tuo'baci
Fien de la lingua mia nodi tenaci."
